{"cameraMode":{"drawMode":0,"name":"Shaded","section":"Shading Mode"},"sceneLighting":false,"audioPlay":false,"sceneViewState":{"m_AlwaysRefresh":false,"showFog":true,"showSkybox":false,"showFlares":true,"showImageEffects":true,"showParticleSystems":true,"showVisualEffectGraphs":true,"m_FxEnabled":true},"in2DMode":false,"pivot":{"x":0.2538425028324127,"y":0.6756478548049927,"z":0.4199007451534271},"rotation":{"x":-0.03121657483279705,"y":-0.9677470922470093,"z":0.1525128334760666,"w":-0.19807903468608857},"size":0.5201261639595032,"orthographic":false}