{"cameraMode":{"drawMode":0,"name":"Shaded","section":"Shading Mode"},"sceneLighting":false,"audioPlay":false,"sceneViewState":{"m_AlwaysRefresh":false,"showFog":true,"showSkybox":false,"showFlares":true,"showImageEffects":true,"showParticleSystems":true,"showVisualEffectGraphs":true,"m_FxEnabled":true},"in2DMode":false,"pivot":{"x":2.1599998474121095,"y":2.2090587615966799,"z":-10.319999694824219},"rotation":{"x":-0.18104279041290284,"y":-0.7274720668792725,"z":0.20982608199119569,"w":-0.6276814341545105},"size":3.5411863327026369,"orthographic":false}