{"cameraMode":{"drawMode":0,"name":"Shaded","section":"Shading Mode"},"sceneLighting":false,"audioPlay":false,"sceneViewState":{"m_AlwaysRefresh":false,"showFog":true,"showSkybox":false,"showFlares":true,"showImageEffects":true,"showParticleSystems":true,"showVisualEffectGraphs":true,"m_FxEnabled":true},"in2DMode":false,"pivot":{"x":2.1599998474121095,"y":2.2090587615966799,"z":-10.319999694824219},"rotation":{"x":-0.07803205400705338,"y":0.07081955671310425,"z":-0.005557285621762276,"w":-0.9944168329238892},"size":3.631669759750366,"orthographic":false}